{"cameraMode":{"drawMode":0,"name":"Shaded","section":"Shading Mode"},"sceneLighting":true,"audioPlay":false,"sceneViewState":{"m_AlwaysRefresh":false,"showFog":true,"showSkybox":true,"showFlares":true,"showImageEffects":true,"showParticleSystems":true,"showVisualEffectGraphs":true,"m_FxEnabled":true},"in2DMode":false,"pivot":{"x":51.20314025878906,"y":14.30745792388916,"z":135.05648803710938},"rotation":{"x":0.017146989703178407,"y":0.30406463146209719,"z":-0.0054731909185647968,"w":0.9525057077407837},"size":364.7677001953125,"orthographic":true}