{"cameraMode":{"drawMode":0,"name":"Shaded","section":"Shading Mode"},"sceneLighting":true,"audioPlay":false,"sceneViewState":{"m_AlwaysRefresh":false,"showFog":true,"showSkybox":true,"showFlares":true,"showImageEffects":true,"showParticleSystems":true,"showVisualEffectGraphs":true,"m_FxEnabled":true},"in2DMode":false,"pivot":{"x":51.20314025878906,"y":14.30745792388916,"z":135.05648803710938},"rotation":{"x":-0.014732908457517624,"y":0.18786019086837769,"z":0.0028172549791634084,"w":0.9821015000343323},"size":567.950927734375,"orthographic":true}